{
  "intrinsics": {
    "fx": 557.7102995169082,
    "fy": 1039.0142879999999,
    "cx": 471.15694685990337,
    "cy": 248.90976
  },
  "baseline": 0.54,
  "cam_h": 1.65,
  "ground_poly": [
    [
      40,
      378
    ],
    [
      920,
      378
    ],
    [
      950,
      530
    ],
    [
      10,
      530
    ]
  ],
  "side_poly": [
    [
      556,
      367
    ],
    [
      768,
      356
    ],
    [
      768,
      265
    ],
    [
      556,
      267
    ]
  ],
  "side_base": {
    "p1": [
      556,
      367
    ],
    "p2": [
      768,
      356
    ],
    "height_m": 1.4
  }
}